{"cameraMode":{"drawMode":0,"name":"Shaded","section":"Shading Mode"},"sceneLighting":true,"audioPlay":false,"sceneViewState":{"m_AlwaysRefresh":false,"showFog":true,"showSkybox":false,"showFlares":true,"showImageEffects":true,"showParticleSystems":true,"showVisualEffectGraphs":true,"m_FxEnabled":true},"in2DMode":false,"pivot":{"x":-0.22544676065444947,"y":0.11729621887207031,"z":0.6548587679862976},"rotation":{"x":0.1931547373533249,"y":-0.2866227924823761,"z":0.0591144897043705,"w":0.9365130662918091},"size":0.8660253882408142,"orthographic":false}